<?xml version="1.0" encoding="UTF-8"?>
<metadata xml:lang="en"><Esri><CreaDate>20200401</CreaDate><CreaTime>12101700</CreaTime><ArcGISFormat>1.0</ArcGISFormat><SyncOnce>FALSE</SyncOnce><DataProperties><itemProps><itemName Sync="TRUE">India_Districts2020v2</itemName><imsContentType Sync="TRUE">002</imsContentType><itemSize Sync="TRUE">0.000</itemSize><itemLocation><linkage Sync="TRUE">file://\\IMDACADFF-31306\D$\India Boundary 2019\District Boundary\India_Districts2020v2.shp</linkage><protocol Sync="TRUE">Local Area Network</protocol></itemLocation></itemProps><coordRef><type Sync="TRUE">Geographic</type><geogcsn Sync="TRUE">GCS_WGS_1984</geogcsn><csUnits Sync="TRUE">Angular Unit: Degree (0.017453)</csUnits><peXml Sync="TRUE">&lt;GeographicCoordinateSystem xsi:type='typens:GeographicCoordinateSystem' xmlns:xsi='http://www.w3.org/2001/XMLSchema-instance' xmlns:xs='http://www.w3.org/2001/XMLSchema' xmlns:typens='http://www.esri.com/schemas/ArcGIS/10.7'&gt;&lt;WKT&gt;GEOGCS[&amp;quot;GCS_WGS_1984&amp;quot;,DATUM[&amp;quot;D_WGS_1984&amp;quot;,SPHEROID[&amp;quot;WGS_1984&amp;quot;,6378137.0,298.257223563]],PRIMEM[&amp;quot;Greenwich&amp;quot;,0.0],UNIT[&amp;quot;Degree&amp;quot;,0.0174532925199433],AUTHORITY[&amp;quot;EPSG&amp;quot;,4326]]&lt;/WKT&gt;&lt;XOrigin&gt;-400&lt;/XOrigin&gt;&lt;YOrigin&gt;-400&lt;/YOrigin&gt;&lt;XYScale&gt;11258999068426.238&lt;/XYScale&gt;&lt;ZOrigin&gt;-100000&lt;/ZOrigin&gt;&lt;ZScale&gt;10000&lt;/ZScale&gt;&lt;MOrigin&gt;-100000&lt;/MOrigin&gt;&lt;MScale&gt;10000&lt;/MScale&gt;&lt;XYTolerance&gt;8.983152841195215e-09&lt;/XYTolerance&gt;&lt;ZTolerance&gt;0.001&lt;/ZTolerance&gt;&lt;MTolerance&gt;0.001&lt;/MTolerance&gt;&lt;HighPrecision&gt;true&lt;/HighPrecision&gt;&lt;LeftLongitude&gt;-180&lt;/LeftLongitude&gt;&lt;WKID&gt;4326&lt;/WKID&gt;&lt;LatestWKID&gt;4326&lt;/LatestWKID&gt;&lt;/GeographicCoordinateSystem&gt;</peXml></coordRef><lineage><Process ToolSource="c:\program files (x86)\arcgis\desktop10.7\ArcToolbox\Toolboxes\Data Management Tools.tbx\Merge" Date="20191129" Time="165235">Merge India_Districts_2019;JammuKashmir;LadakhNew "D:\My Folder of Possibilities\India Shapefile Data\India District Shapefile 2019\India_Latest.shp" "D_NAME "D_NAME" true true false 80 Text 0 0 ,First,#,India_Districts_2019,D_NAME,-1,-1,JammuKashmir,D_NAME,-1,-1,LadakhNew,D_NAME,-1,-1;D_CODE "D_CODE" true true false 5 Long 0 5 ,First,#,India_Districts_2019,D_CODE,-1,-1,JammuKashmir,D_CODE,-1,-1,LadakhNew,D_CODE,-1,-1;S_NAME "S_NAME" true true false 50 Text 0 0 ,First,#,India_Districts_2019,S_NAME,-1,-1,JammuKashmir,S_NAME,-1,-1,LadakhNew,S_NAME,-1,-1;S_CODE "S_CODE" true true false 5 Long 0 5 ,First,#,India_Districts_2019,S_CODE,-1,-1,JammuKashmir,S_CODE,-1,-1,LadakhNew,S_CODE,-1,-1;OBJECTID "OBJECTID" true true false 10 Long 0 10 ,First,#,JammuKashmir,OBJECTID,-1,-1"</Process><Process ToolSource="c:\program files (x86)\arcgis\desktop10.7\ArcToolbox\Toolboxes\Data Management Tools.tbx\Merge" Date="20191204" Time="182926">Merge India2019D;EKA C:\Users\31306\Desktop\Shapefiles\India_Districts_2019v2.shp "D_NAME "D_NAME" true true false 80 Text 0 0 ,First,#,India2019D,D_NAME,-1,-1,EKA,D_NAME,-1,-1;D_CODE "D_CODE" true true false 5 Long 0 5 ,First,#,India2019D,D_CODE,-1,-1,EKA,D_CODE,-1,-1;S_NAME "S_NAME" true true false 50 Text 0 0 ,First,#,India2019D,S_NAME,-1,-1,EKA,S_NAME,-1,-1;S_CODE "S_CODE" true true false 5 Long 0 5 ,First,#,India2019D,S_CODE,-1,-1,EKA,S_CODE,-1,-1"</Process><Process ToolSource="c:\program files (x86)\arcgis\desktop10.7\ArcToolbox\Toolboxes\Data Management Tools.tbx\Merge" Date="20200401" Time="123602">Merge India_Districts2020;Tirupattur;Tenkasi;Ranipet;Khawzawl;Kallakurichi;Hanahathial;Chengalpet "D:\India Boundary 2019\District Boundary\India_Districts2020v2.shp" "D_NAME "D_NAME" true true false 80 Text 0 0 ,First,#,India_Districts2020,D_NAME,-1,-1,Tirupattur,D_NAME,-1,-1,Tenkasi,D_NAME,-1,-1,Ranipet,D_NAME,-1,-1,Khawzawl,D_NAME,-1,-1,Kallakurichi,D_NAME,-1,-1,Hanahathial,D_NAME,-1,-1,Chengalpet,D_NAME,-1,-1;D_CODE "D_CODE" true true false 5 Long 0 5 ,First,#,India_Districts2020,D_CODE,-1,-1,Tirupattur,D_CODE,-1,-1,Tenkasi,D_CODE,-1,-1,Ranipet,D_CODE,-1,-1,Khawzawl,D_CODE,-1,-1,Kallakurichi,D_CODE,-1,-1,Hanahathial,D_CODE,-1,-1,Chengalpet,D_CODE,-1,-1;S_NAME "S_NAME" true true false 50 Text 0 0 ,First,#,India_Districts2020,S_NAME,-1,-1,Tirupattur,S_NAME,-1,-1,Tenkasi,S_NAME,-1,-1,Ranipet,S_NAME,-1,-1,Khawzawl,S_NAME,-1,-1,Kallakurichi,S_NAME,-1,-1,Hanahathial,S_NAME,-1,-1,Chengalpet,S_NAME,-1,-1;S_CODE "S_CODE" true true false 5 Long 0 5 ,First,#,India_Districts2020,S_CODE,-1,-1,Tirupattur,S_CODE,-1,-1,Tenkasi,S_CODE,-1,-1,Ranipet,S_CODE,-1,-1,Khawzawl,S_CODE,-1,-1,Kallakurichi,S_CODE,-1,-1,Hanahathial,S_CODE,-1,-1,Chengalpet,S_CODE,-1,-1"</Process></lineage></DataProperties><SyncDate>20200401</SyncDate><SyncTime>12355900</SyncTime><ModDate>20200401</ModDate><ModTime>12355900</ModTime></Esri><dataIdInfo><envirDesc Sync="TRUE"> Version 6.2 (Build 9200) ; Esri ArcGIS 10.7.1.11595</envirDesc><dataLang><languageCode value="eng" Sync="TRUE"></languageCode><countryCode value="USA" Sync="TRUE"></countryCode></dataLang><idCitation><resTitle Sync="TRUE">India_Districts2020v2</resTitle><presForm><PresFormCd value="005" Sync="TRUE"></PresFormCd></presForm></idCitation><spatRpType><SpatRepTypCd value="001" Sync="TRUE"></SpatRepTypCd></spatRpType></dataIdInfo><mdLang><languageCode value="eng" Sync="TRUE"></languageCode><countryCode value="USA" Sync="TRUE"></countryCode></mdLang><mdChar><CharSetCd value="004" Sync="TRUE"></CharSetCd></mdChar><distInfo><distFormat><formatName Sync="TRUE">Shapefile</formatName></distFormat><distTranOps><transSize Sync="TRUE">0.000</transSize></distTranOps></distInfo><mdHrLv><ScopeCd value="005" Sync="TRUE"></ScopeCd></mdHrLv><mdHrLvName Sync="TRUE">dataset</mdHrLvName><refSysInfo><RefSystem><refSysID><identCode code="4326" Sync="TRUE"></identCode><idCodeSpace Sync="TRUE">EPSG</idCodeSpace><idVersion Sync="TRUE">6.14(3.0.1)</idVersion></refSysID></RefSystem></refSysInfo><spatRepInfo><VectSpatRep><geometObjs Name="India_Districts2020v2"><geoObjTyp><GeoObjTypCd value="002" Sync="TRUE"></GeoObjTypCd></geoObjTyp><geoObjCnt Sync="TRUE">0</geoObjCnt></geometObjs><topLvl><TopoLevCd value="001" Sync="TRUE"></TopoLevCd></topLvl></VectSpatRep></spatRepInfo><spdoinfo><ptvctinf><esriterm Name="India_Districts2020v2"><efeatyp Sync="TRUE">Simple</efeatyp><efeageom code="4" Sync="TRUE"></efeageom><esritopo Sync="TRUE">FALSE</esritopo><efeacnt Sync="TRUE">0</efeacnt><spindex Sync="TRUE">FALSE</spindex><linrefer Sync="TRUE">FALSE</linrefer></esriterm></ptvctinf></spdoinfo><eainfo><detailed Name="India_Districts2020v2"><enttyp><enttypl Sync="TRUE">India_Districts2020v2</enttypl><enttypt Sync="TRUE">Feature Class</enttypt><enttypc Sync="TRUE">0</enttypc></enttyp><attr><attrlabl Sync="TRUE">FID</attrlabl><attalias Sync="TRUE">FID</attalias><attrtype Sync="TRUE">OID</attrtype><attwidth Sync="TRUE">4</attwidth><atprecis Sync="TRUE">0</atprecis><attscale Sync="TRUE">0</attscale><attrdef Sync="TRUE">Internal feature number.</attrdef><attrdefs Sync="TRUE">Esri</attrdefs><attrdomv><udom Sync="TRUE">Sequential unique whole numbers that are automatically generated.</udom></attrdomv></attr><attr><attrlabl Sync="TRUE">Shape</attrlabl><attalias Sync="TRUE">Shape</attalias><attrtype Sync="TRUE">Geometry</attrtype><attwidth Sync="TRUE">0</attwidth><atprecis Sync="TRUE">0</atprecis><attscale Sync="TRUE">0</attscale><attrdef Sync="TRUE">Feature geometry.</attrdef><attrdefs Sync="TRUE">Esri</attrdefs><attrdomv><udom Sync="TRUE">Coordinates defining the features.</udom></attrdomv></attr><attr><attrlabl Sync="TRUE">D_NAME</attrlabl><attalias Sync="TRUE">D_NAME</attalias><attrtype Sync="TRUE">String</attrtype><attwidth Sync="TRUE">80</attwidth><atprecis Sync="TRUE">0</atprecis><attscale Sync="TRUE">0</attscale></attr><attr><attrlabl Sync="TRUE">D_CODE</attrlabl><attalias Sync="TRUE">D_CODE</attalias><attrtype Sync="TRUE">Integer</attrtype><attwidth Sync="TRUE">5</attwidth><atprecis Sync="TRUE">5</atprecis><attscale Sync="TRUE">0</attscale></attr><attr><attrlabl Sync="TRUE">S_NAME</attrlabl><attalias Sync="TRUE">S_NAME</attalias><attrtype Sync="TRUE">String</attrtype><attwidth Sync="TRUE">50</attwidth><atprecis Sync="TRUE">0</atprecis><attscale Sync="TRUE">0</attscale></attr><attr><attrlabl Sync="TRUE">S_CODE</attrlabl><attalias Sync="TRUE">S_CODE</attalias><attrtype Sync="TRUE">Integer</attrtype><attwidth Sync="TRUE">5</attwidth><atprecis Sync="TRUE">5</atprecis><attscale Sync="TRUE">0</attscale></attr></detailed></eainfo><mdDateSt Sync="TRUE">20200401</mdDateSt></metadata>
